right_shoulder_yaw_link,right_shoulder_roll_link,right_shoulder_pitch_link,right_elbow_link,right_hip_yaw_link,right_hip_roll_link,left_knee_link,right_knee_link,left_hip_roll_link,left_hip_pitch_link,base_link_x,base_link_y,base_link_z,torso_yaw_link,left_shoulder_yaw_link,torso_roll_link,left_hip_yaw_link,left_shoulder_pitch_link,left_shoulder_roll_link,right_hip_pitch_link,left_elbow_link,torso_pitch_link
-0.07806578278541565,-1.2558021545410156,0.33920013904571533,0.9482938051223755,-0.6864227056503296,0.17285320162773132,0.24406510591506958,0.09440365433692932,0.29519733786582947,-0.1371292918920517,0.23946035280823708,0.5532793309539557,0.9489846109609031,0.08344631642103195,-0.38424062728881836,-0.11643099039793015,0.023368602618575096,-0.3987784683704376,-1.4245144128799438,-0.17517003417015076,-0.7115495204925537,0.7520629167556763
-0.07122307270765305,-1.2413057088851929,0.3615841269493103,0.9953432083129883,-0.6825141906738281,0.1711728572845459,0.2530941069126129,0.09508390724658966,0.2952720522880554,-0.14612042903900146,0.23908569291234016,0.5520579125732183,0.9487085222463035,0.0927279070019722,-0.3794345557689667,-0.11111809313297272,0.033024195581674576,-0.40415239334106445,-1.4288325309753418,-0.17600376904010773,-0.7095819711685181,0.7498646378517151
-0.04901668429374695,-1.2123852968215942,0.395314484834671,1.074771523475647,-0.6768962144851685,0.16529344022274017,0.2662128508090973,0.09588182717561722,0.29390749335289,-0.15801210701465607,0.23899469152092934,0.550911596044898,0.9487761139134788,0.10943366587162018,-0.3718009293079376,-0.10561142861843109,0.04431743919849396,-0.4136607348918915,-1.435591459274292,-0.17598707973957062,-0.7064520120620728,0.7504407167434692
-0.003194910939782858,-1.1679915189743042,0.43696069717407227,1.1797358989715576,-0.6673349142074585,0.15697015821933746,0.27985745668411255,0.0963558629155159,0.2900509238243103,-0.17185872793197632,0.23873266950249672,0.5488406922668219,0.9488326787213707,0.13468323647975922,-0.3618541955947876,-0.10023345053195953,0.054804712533950806,-0.42860695719718933,-1.4445914030075073,-0.1758098304271698,-0.7036541104316711,0.752655029296875
0.07230039685964584,-1.1037777662277222,0.48268771171569824,1.3035037517547607,-0.6552222371101379,0.14438286423683167,0.29298135638237,0.09639346599578857,0.28299760818481445,-0.18959365785121918,0.23819449916481972,0.546127250418067,0.9488589643697166,0.165974959731102,-0.3470892906188965,-0.09447414427995682,0.06624884158372879,-0.45022934675216675,-1.4565178155899048,-0.1741863191127777,-0.7024610042572021,0.7560535073280334
0.18349085748195648,-1.0087920427322388,0.5239390134811401,1.4331721067428589,-0.642371654510498,0.1258341521024704,0.3049525320529938,0.09928532689809799,0.2690245509147644,-0.21543362736701965,0.23813411965966225,0.542847266420722,0.9492210029820823,0.1985865831375122,-0.325175404548645,-0.08781254291534424,0.08530911803245544,-0.47900182008743286,-1.4720762968063354,-0.17280790209770203,-0.7035619020462036,0.7585167288780212
0.3323553800582886,-0.8705253005027771,0.5417529344558716,1.54409658908844,-0.6263453364372253,0.10490382462739944,0.3175601065158844,0.10445970296859741,0.24875953793525696,-0.24672256410121918,0.23780690506100655,0.5386091973632574,0.9492787002782249,0.22787319123744965,-0.2974013388156891,-0.0793994888663292,0.11229952424764633,-0.509408175945282,-1.490159511566162,-0.1758793741464615,-0.7066318392753601,0.7591075897216797
0.5129990577697754,-0.6886164546012878,0.5164605379104614,1.6105104684829712,-0.6035439372062683,0.08629322052001953,0.332616925239563,0.10899494588375092,0.2291405349969864,-0.2733665406703949,0.23757140710949898,0.5334520842880011,0.9490239500264549,0.24927173554897308,-0.27198246121406555,-0.06863678991794586,0.1408795863389969,-0.5340386629104614,-1.5040065050125122,-0.18099641799926758,-0.7135793566703796,0.7626703977584839
0.710822343826294,-0.4872136116027832,0.447678804397583,1.6320433616638184,-0.5739405751228333,0.07174572348594666,0.3473578989505768,0.11083299666643143,0.2143115997314453,-0.28212907910346985,0.236830223351717,0.5272961761802435,0.9484833955029869,0.25858208537101746,-0.26063287258148193,-0.05411927029490471,0.1625792235136032,-0.5434778928756714,-1.505382776260376,-0.1871182769536972,-0.723516047000885,0.7687391042709351
0.9055215716362,-0.30731844902038574,0.34441640973091125,1.6268136501312256,-0.5357818603515625,0.06319784373044968,0.3581039607524872,0.10816986113786697,0.20218020677566528,-0.26676371693611145,0.236623827368021,0.5192601885646582,0.9487982272366905,0.25229305028915405,-0.26586517691612244,-0.040923770517110825,0.17479555308818817,-0.5336059331893921,-1.495338797569275,-0.19885973632335663,-0.7304708957672119,0.7723816633224487
1.076883316040039,-0.16533921658992767,0.21545451879501343,1.6198099851608276,-0.4912711977958679,0.05852726846933365,0.3617391884326935,0.10171190649271011,0.18780162930488586,-0.23945331573486328,0.23666267469525337,0.5103633608669043,0.9494037508229637,0.2387547492980957,-0.27952125668525696,-0.028678081929683685,0.18619553744792938,-0.5197411179542542,-1.484032154083252,-0.2170969396829605,-0.7333149909973145,0.7748401165008545
1.2209824323654175,-0.053558100014925,0.07272686809301376,1.6200765371322632,-0.4458102285861969,0.05411577597260475,0.35653242468833923,0.09225822985172272,0.1725209355354309,-0.21131986379623413,0.23641032353043556,0.5010558273643255,0.9503631471852684,0.22342327237129211,-0.29677581787109375,-0.015211651101708412,0.20051094889640808,-0.5100609660148621,-1.478652834892273,-0.2381831407546997,-0.7333099842071533,0.7771326303482056
1.3393043279647827,0.03283863514661789,-0.0737740695476532,1.631293535232544,-0.40232333540916443,0.048600934445858,0.3442322611808777,0.07770095020532608,0.15458756685256958,-0.1799505203962326,0.2363980896770954,0.49097841046750546,0.951888072417202,0.2051544040441513,-0.31993842124938965,-0.0012309527955949306,0.21232476830482483,-0.4975467324256897,-1.477436900138855,-0.2572600543498993,-0.728016197681427,0.7776352167129517
1.4385089874267578,0.10010164976119995,-0.21203665435314178,1.6446940898895264,-0.3640821576118469,0.04004042595624924,0.32563066482543945,0.057334188371896744,0.1363278329372406,-0.1460505723953247,0.2366289384663105,0.4807031061500311,0.9540523170689964,0.1832907348871231,-0.35080838203430176,0.014698714017868042,0.21729488670825958,-0.4793326258659363,-1.4750298261642456,-0.2748616933822632,-0.7169455289840698,0.7737606763839722
1.533921480178833,0.1529664397239685,-0.3258046507835388,1.641680121421814,-0.33120787143707275,0.029374856501817703,0.3031146824359894,0.03271167725324631,0.12095361948013306,-0.11406248807907104,0.23714654520154,0.46977885626256466,0.9565157174329185,0.15868335962295532,-0.3830641806125641,0.03358077257871628,0.21806131303310394,-0.4597451388835907,-1.4696766138076782,-0.28809043765068054,-0.7044509053230286,0.7639293074607849
1.6419137716293335,0.18795697391033173,-0.40589165687561035,1.6101804971694946,-0.3042874038219452,0.01797192171216011,0.28065332770347595,0.006577072199434042,0.10574465245008469,-0.08727328479290009,0.2381344474852085,0.45904537104070187,0.9589462160329246,0.13586387038230896,-0.40628090500831604,0.052351079881191254,0.2210492342710495,-0.4456322193145752,-1.462731122970581,-0.2916046679019928,-0.6963188648223877,0.7526460886001587
1.771908164024353,0.20889563858509064,-0.44965416193008423,1.557519555091858,-0.28245463967323303,0.005694717168807983,0.26022660732269287,-0.018255608156323433,0.0897253081202507,-0.06493064761161804,0.23943786695599556,0.44805791042745113,0.9608719825009727,0.11782625317573547,-0.4198440611362457,0.0694449320435524,0.22706104815006256,-0.43752390146255493,-1.4544917345046997,-0.28867268562316895,-0.6946322917938232,0.7404503226280212
1.9006450176239014,0.221114382147789,-0.4717211425304413,1.50059175491333,-0.26410961151123047,-0.007020509801805019,0.24209870398044586,-0.04354381933808327,0.07392854243516922,-0.04443808272480965,0.24103424325585365,0.43679763935506344,0.9626580356816673,0.10358590632677078,-0.42887139320373535,0.08593428134918213,0.23316654562950134,-0.43005141615867615,-1.4425585269927979,-0.28207236528396606,-0.6977648138999939,0.7284812927246094
2.0013315677642822,0.23102930188179016,-0.48986178636550903,1.4612059593200684,-0.24961714446544647,-0.02043050527572632,0.22636637091636658,-0.06865692138671875,0.059316910803318024,-0.023725394159555435,0.2431524284183979,0.4260208811610937,0.9637640594701194,0.09040642529726028,-0.4333396852016449,0.10150222480297089,0.23675812780857086,-0.42090681195259094,-1.426056146621704,-0.27249768376350403,-0.7035506367683411,0.718169629573822
2.064241409301758,0.239512637257576,-0.5127745270729065,1.4506269693374634,-0.2338746339082718,-0.03444766253232956,0.2134130448102951,-0.08969633281230927,0.04270116239786148,-0.0005918348324485123,0.24572568014264107,0.41484629176557064,0.96447377197546,0.07703618705272675,-0.4344867467880249,0.11373470723628998,0.23403750360012054,-0.40956780314445496,-1.4073283672332764,-0.266589492559433,-0.708787739276886,0.7061935663223267
2.085207462310791,0.24995462596416473,-0.5538458824157715,1.4536854028701782,-0.21997930109500885,-0.050693903118371964,0.20149488747119904,-0.10435651242733002,0.022287677973508835,0.014965174719691277,0.24822016432881355,0.4046377148479223,0.9653276085118675,0.06651066988706589,-0.4331229031085968,0.1229352355003357,0.23097370564937592,-0.4043769836425781,-1.391821026802063,-0.26598164439201355,-0.7158756256103516,0.6960351467132568
2.076463222503662,0.2676071226596832,-0.6139047741889954,1.4658987522125244,-0.21276439726352692,-0.068407341837883,0.18887655436992645,-0.11326608061790466,0.0017385833198204637,0.022108232602477074,0.2508908398449421,0.39465864561498165,0.9658312677602195,0.05691227689385414,-0.43328773975372314,0.1318567842245102,0.22878026962280273,-0.4061886668205261,-1.381850242614746,-0.2633409798145294,-0.7273942232131958,0.6902947425842285
2.0389509201049805,0.28111088275909424,-0.6766750812530518,1.4971948862075806,-0.20597361028194427,-0.08615673333406448,0.17194132506847382,-0.1209598183631897,-0.016519026830792427,0.030770784243941307,0.2540513314306736,0.3859641458839178,0.9667011975507164,0.04533989727497101,-0.4437892436981201,0.14208835363388062,0.22015933692455292,-0.4010840952396393,-1.3736333847045898,-0.26281705498695374,-0.738044798374176,0.6835917234420776
1.987493872642517,0.28351879119873047,-0.724783718585968,1.538745403289795,-0.19838103652000427,-0.10239985585212708,0.15089790523052216,-0.13129600882530212,-0.03069927543401718,0.04347401484847069,0.2576462961733341,0.3778033461421728,0.9673831342915916,0.029636355116963387,-0.46627724170684814,0.1543695628643036,0.2059583216905594,-0.38733845949172974,-1.3641319274902344,-0.2629408538341522,-0.7454217076301575,0.6719388365745544
1.9464330673217773,0.27768856287002563,-0.7529297471046448,1.5717878341674805,-0.19165769219398499,-0.11656927317380905,0.13023491203784943,-0.14415773749351501,-0.04150253161787987,0.05448078364133835,0.26125699654221535,0.370061120018363,0.9676982640485191,0.01333833858370781,-0.48854511976242065,0.16634494066238403,0.19196857511997223,-0.37495413422584534,-1.354848861694336,-0.26073890924453735,-0.7532976269721985,0.661133885383606
1.9448505640029907,0.2678399384021759,-0.7498989701271057,1.5792514085769653,-0.18921950459480286,-0.12900908291339874,0.11269915103912354,-0.1591850370168686,-0.050891682505607605,0.05958300828933716,0.26495714858174324,0.36287774704396725,0.9676626800755882,0.0015985581558197737,-0.5008676052093506,0.17628097534179688,0.18024477362632751,-0.368863970041275,-1.3481345176696777,-0.25468599796295166,-0.7632625699043274,0.6547563076019287
1.9867397546768188,0.25454679131507874,-0.7138038277626038,1.5586620569229126,-0.1893659383058548,-0.13954408466815948,0.09836180508136749,-0.1750994175672531,-0.05956638604402542,0.059664566069841385,0.2688155062496662,0.3565684761852026,0.9674667596082115,-0.004542388021945953,-0.5036035776138306,0.18247796595096588,0.17009341716766357,-0.3674651086330414,-1.3445789813995361,-0.24536354839801788,-0.7721905708312988,0.6526168584823608
2.0434725284576416,0.23582187294960022,-0.6599567532539368,1.519702672958374,-0.18642427027225494,-0.14873863756656647,0.08660966902971268,-0.18920224905014038,-0.0669575110077858,0.059823520481586456,0.27252163365483284,0.35035677812993526,0.967320132182064,-0.007018468342721462,-0.5004193782806396,0.1849314421415329,0.16044537723064423,-0.3675408661365509,-1.3433196544647217,-0.23568932712078094,-0.7775530219078064,0.6521892547607422
2.079949140548706,0.212214395403862,-0.6064396500587463,1.4767136573791504,-0.17897553741931915,-0.1568477302789688,0.0760728120803833,-0.2004934400320053,-0.0723620355129242,0.062447335571050644,0.2762163020670414,0.3443328347057104,0.967547821925106,-0.008960505947470665,-0.49504581093788147,0.18508389592170715,0.15143176913261414,-0.36557725071907043,-1.3421920537948608,-0.22630606591701508,-0.7785972356796265,0.6518520712852478
2.0894155502319336,0.1904774159193039,-0.5640395283699036,1.4434603452682495,-0.17147427797317505,-0.1644929200410843,0.06434223055839539,-0.21062526106834412,-0.07608728110790253,0.06852331012487411,0.2798275388777256,0.3384318258613348,0.9673593520383262,-0.011092527769505978,-0.4904605746269226,0.18563953042030334,0.14264439046382904,-0.360307902097702,-1.3396589756011963,-0.21653491258621216,-0.7759733200073242,0.6502874493598938
2.0899996757507324,0.17717966437339783,-0.5424203872680664,1.4285261631011963,-0.1653968095779419,-0.17308557033538818,0.05003771558403969,-0.21880589425563812,-0.08027469366788864,0.07739496231079102,0.28351980820298195,0.3328132536262274,0.9671777962903404,-0.012852377258241177,-0.4883439540863037,0.18661093711853027,0.13226066529750824,-0.35366496443748474,-1.3367680311203003,-0.20746755599975586,-0.7711173295974731,0.6476722359657288
2.0899996757507324,0.17879560589790344,-0.5556920766830444,1.4378546476364136,-0.16156163811683655,-0.18383824825286865,0.03385526314377785,-0.22378188371658325,-0.08607060462236404,0.0834714025259018,0.2870810963213444,0.32784890197217464,0.9668384074429893,-0.013511479832231998,-0.48689740896224976,0.18587520718574524,0.12091246992349625,-0.35130587220191956,-1.3359609842300415,-0.20012228190898895,-0.7677514553070068,0.6486069560050964
2.0896005630493164,0.19400572776794434,-0.5998971462249756,1.4788976907730103,-0.15682095289230347,-0.1947348564863205,0.017430275678634644,-0.22743277251720428,-0.0923757553100586,0.08822187036275864,0.2906227149069309,0.32357930205762386,0.9662175654630089,-0.014291845262050629,-0.48528897762298584,0.18430371582508087,0.1107252687215805,-0.3499705493450165,-1.3400158882141113,-0.1948293298482895,-0.7638929486274719,0.6529138684272766
2.083073854446411,0.21328848600387573,-0.6592989563941956,1.5468356609344482,-0.15264315903186798,-0.20482736825942993,0.0009715365595184267,-0.2328619509935379,-0.09924601763486862,0.09477972239255905,0.29374266043305397,0.31995671056210995,0.9656700371961021,-0.017177093774080276,-0.4915769100189209,0.1830025613307953,0.10170142352581024,-0.3455830216407776,-1.3441660404205322,-0.19108742475509644,-0.758713960647583,0.656619131565094
2.0571975708007812,0.22879143059253693,-0.7168189883232117,1.6218130588531494,-0.1506577730178833,-0.21314790844917297,-0.01516165491193533,-0.24103932082653046,-0.10528496652841568,0.10156258940696716,0.2969348765909672,0.3167820181697607,0.9653010248402977,-0.023668384179472923,-0.5085967183113098,0.18376341462135315,0.09555546194314957,-0.3378204107284546,-1.3453302383422852,-0.1875184029340744,-0.7520970702171326,0.6566504240036011
2.014820098876953,0.23565573990345,-0.7590356469154358,1.682094931602478,-0.1497783064842224,-0.21894380450248718,-0.029866736382246017,-0.25095275044441223,-0.10924948751926422,0.10766679793596268,0.29990753903985023,0.3139637019485235,0.9651903986195945,-0.03175759315490723,-0.5302819609642029,0.18788683414459229,0.09316545724868774,-0.32907816767692566,-1.3436444997787476,-0.1835273951292038,-0.7445888519287109,0.6528171896934509
1.983497977256775,0.2321750968694687,-0.7768236398696899,1.7082799673080444,-0.15107221901416779,-0.2224629670381546,-0.042052194476127625,-0.26134634017944336,-0.1119559109210968,0.11205165088176727,0.3023887909948826,0.31176324747502804,0.9650267242650413,-0.03777565807104111,-0.5461524724960327,0.19247017800807953,0.09256315976381302,-0.32308271527290344,-1.341797113418579,-0.1780339628458023,-0.7385252118110657,0.6493569612503052
1.9917387962341309,0.22094371914863586,-0.7615341544151306,1.6938800811767578,-0.15108773112297058,-0.2250155210494995,-0.051252998411655426,-0.2707020938396454,-0.11438118666410446,0.11355283856391907,0.3045448996126652,0.30963038466870785,0.9647424697141075,-0.03879318758845329,-0.5508549809455872,0.19354373216629028,0.09165948629379272,-0.32184892892837524,-1.3419773578643799,-0.17343933880329132,-0.7356705665588379,0.6479728817939758
2.0329558849334717,0.2062016725540161,-0.7171260714530945,1.6482800245285034,-0.14847832918167114,-0.22593267261981964,-0.05751372128725052,-0.27734100818634033,-0.115929014980793,0.11346042901277542,0.30642974749207497,0.3078779187053442,0.9645185350636863,-0.03571634367108345,-0.5476137399673462,0.19098524749279022,0.09084290266036987,-0.3261859714984894,-1.3426302671432495,-0.16944414377212524,-0.737851083278656,0.6479456424713135
2.072967529296875,0.18697038292884827,-0.6598682403564453,1.586717128753662,-0.14213250577449799,-0.22548118233680725,-0.06190310791134834,-0.2811533808708191,-0.11592593044042587,0.11411725729703903,0.3081122078001499,0.30637296102941036,0.9646640896062278,-0.03091152012348175,-0.5409175753593445,0.18753856420516968,0.09131664037704468,-0.33030965924263,-1.3429861068725586,-0.16694743931293488,-0.7417159676551819,0.648387610912323
2.087899923324585,0.16697126626968384,-0.6065450310707092,1.5264317989349365,-0.13604778051376343,-0.22382128238677979,-0.06507647782564163,-0.28495416045188904,-0.11517133563756943,0.11761801689863205,0.30946246162056923,0.3050657417625189,0.9645942925671959,-0.026605695486068726,-0.5321483612060547,0.18574585020542145,0.09252353757619858,-0.3307305574417114,-1.3429228067398071,-0.1648319810628891,-0.7440133690834045,0.6485556960105896
2.0899133682250977,0.15122751891613007,-0.5680693984031677,1.48330819606781,-0.1303786039352417,-0.22158078849315643,-0.06712319701910019,-0.28863614797592163,-0.11445820331573486,0.12400562316179276,0.3107728995382786,0.3036330547183752,0.9646120547513389,-0.023757953196763992,-0.5236273407936096,0.18490439653396606,0.09393449127674103,-0.3284038007259369,-1.3415560722351074,-0.16331136226654053,-0.7448571920394897,0.6477251052856445
2.0899996757507324,0.14579954743385315,-0.5574343204498291,1.4730992317199707,-0.12491145730018616,-0.22109058499336243,-0.0690247118473053,-0.29084402322769165,-0.1140919104218483,0.12880253791809082,0.31209126487374306,0.302332391962409,0.964511978552761,-0.020855475217103958,-0.5172701478004456,0.18333393335342407,0.09589411318302155,-0.3277818262577057,-1.3384701013565063,-0.1638193577528,-0.746897280216217,0.6497226357460022
2.0899996757507324,0.15352827310562134,-0.5798552632331848,1.4940963983535767,-0.12204454094171524,-0.2228599339723587,-0.07110046595335007,-0.2909144163131714,-0.11565341055393219,0.13170671463012695,0.31300461664795876,0.30154954455792904,0.9643500923375511,-0.01829461194574833,-0.5111101269721985,0.18020044267177582,0.09684108197689056,-0.3295256197452545,-1.338354229927063,-0.16522178053855896,-0.7490255832672119,0.6556243896484375
2.0896270275115967,0.17266304790973663,-0.6282143592834473,1.5419411659240723,-0.12095510959625244,-0.2259611040353775,-0.07274755090475082,-0.29079052805900574,-0.11912339925765991,0.1336602419614792,0.31412282958626747,0.3008748795837164,0.9641547679166221,-0.017424890771508217,-0.5072129368782043,0.1763719767332077,0.09659504145383835,-0.3316846191883087,-1.3421955108642578,-0.16791501641273499,-0.7499299049377441,0.6624035835266113
2.083500623703003,0.19605229794979095,-0.6884521842002869,1.6094852685928345,-0.12221615761518478,-0.2290850132703781,-0.07439950108528137,-0.29180172085762024,-0.12270864099264145,0.13500840961933136,0.3150728680193424,0.30069937370717525,0.9640691756467247,-0.019391046836972237,-0.5111469626426697,0.1737721860408783,0.09734845161437988,-0.3329726755619049,-1.3455960750579834,-0.17092609405517578,-0.7496746778488159,0.6675605773925781
2.0590529441833496,0.21321964263916016,-0.7408214211463928,1.676296353340149,-0.12512531876564026,-0.23074127733707428,-0.07679804414510727,-0.2940102815628052,-0.1248067319393158,0.13673005998134613,0.315735075622797,0.3009507264941931,0.9640729903439903,-0.02450546994805336,-0.525159478187561,0.17492350935935974,0.10104291886091232,-0.33087024092674255,-1.345948338508606,-0.17324738204479218,-0.7465734481811523,0.6681491136550903
2.021238327026367,0.2181731015443802,-0.7729400396347046,1.7231155633926392,-0.1288362294435501,-0.23009471595287323,-0.07948149740695953,-0.296694278717041,-0.12526611983776093,0.13750866055488586,0.31627247110009193,0.30143441818654537,0.9643937825421715,-0.031031381338834763,-0.5413206219673157,0.1796102374792099,0.10683146119117737,-0.3272355794906616,-1.344769835472107,-0.17399707436561584,-0.7417888641357422,0.6654905676841736
2.001377820968628,0.2102152705192566,-0.7760635018348694,1.7352765798568726,-0.13367708027362823,-0.22803470492362976,-0.08136134594678879,-0.29933682084083557,-0.12511900067329407,0.13510122895240784,0.31680959835648537,0.30234779976308346,0.9645839809636497,-0.03622164577245712,-0.5498665571212769,0.18373623490333557,0.11205261945724487,-0.3262017071247101,-1.3444043397903442,-0.1730261594057083,-0.738860011100769,0.663745641708374
2.020017385482788,0.1920897364616394,-0.7446268796920776,1.7089685201644897,-0.139114111661911,-0.22547663748264313,-0.08236800134181976,-0.30125099420547485,-0.12475700676441193,0.12907083332538605,0.3175029493868351,0.30329387448728085,0.9646291612843895,-0.038150377571582794,-0.5478211641311646,0.18521633744239807,0.11555540561676025,-0.3290703594684601,-1.3462673425674438,-0.17075014114379883,-0.7384940385818481,0.6655569672584534
2.0584282875061035,0.1686406433582306,-0.6881952881813049,1.6575462818145752,-0.14295616745948792,-0.2226722091436386,-0.08283011615276337,-0.3020957112312317,-0.12302785366773605,0.1220071017742157,0.3178981579840183,0.3045701589435339,0.9648030280331993,-0.037238240242004395,-0.5425276756286621,0.18566203117370605,0.11887413263320923,-0.336500883102417,-1.3465572595596313,-0.16824474930763245,-0.7419233322143555,0.668949544429779
2.0834126472473145,0.13994108140468597,-0.6273567080497742,1.6004949808120728,-0.1442040055990219,-0.21923597157001495,-0.0837944820523262,-0.30151331424713135,-0.12027452141046524,0.11692363768815994,0.31807834282517433,0.3060592021793127,0.9649667023877525,-0.03627299889922142,-0.5367607474327087,0.1872604340314865,0.12202291190624237,-0.3426143527030945,-1.3458343744277954,-0.165696382522583,-0.7446104884147644,0.6724873185157776
2.089623212814331,0.10853412747383118,-0.5777062177658081,1.55708646774292,-0.14204998314380646,-0.21475918591022491,-0.08534906804561615,-0.2989193797111511,-0.1171555370092392,0.11612525582313538,0.31807127967476845,0.30721875093877316,0.9652371286610985,-0.03785581886768341,-0.5304154753684998,0.18889296054840088,0.12480051070451736,-0.3447817862033844,-1.3443458080291748,-0.16324950754642487,-0.745100736618042,0.6744133830070496
2.0899996757507324,0.07992654293775558,-0.5504489541053772,1.542440414428711,-0.13539931178092957,-0.21080105006694794,-0.08735978603363037,-0.2954023778438568,-0.11322672665119171,0.1178889274597168,0.31806886568665504,0.30813496373593807,0.9652221678952598,-0.04090527072548866,-0.525143027305603,0.18975402414798737,0.12893930077552795,-0.34327852725982666,-1.3419766426086426,-0.16317060589790344,-0.743682324886322,0.6771310567855835
2.0899996757507324,0.05936728045344353,-0.5528766512870789,1.5569924116134644,-0.12639811635017395,-0.2084319293498993,-0.0900905579328537,-0.2909204065799713,-0.1097273975610733,0.12068086117506027,0.31782615557312965,0.3092168476432562,0.9651970743398094,-0.044912274926900864,-0.5227383375167847,0.18833595514297485,0.1343834549188614,-0.3413657248020172,-1.3398610353469849,-0.16504475474357605,-0.7410746216773987,0.6810146570205688
2.0899996757507324,0.05939796566963196,-0.5905367136001587,1.598172664642334,-0.12065727263689041,-0.20717117190361023,-0.09251264482736588,-0.28586798906326294,-0.10756494849920273,0.12097467482089996,0.31724459305405617,0.3107852842658758,0.9650302409390831,-0.050092268735170364,-0.5211912393569946,0.18523083627223969,0.14026165008544922,-0.34399428963661194,-1.339741587638855,-0.16548800468444824,-0.7398321032524109,0.6865711212158203
2.089751720428467,0.0786045640707016,-0.6548236608505249,1.662539005279541,-0.11820435523986816,-0.20807810127735138,-0.09466047585010529,-0.28179827332496643,-0.10709435492753983,0.11913672089576721,0.31671300902962685,0.3126377370208502,0.9647152899960899,-0.05673409253358841,-0.5206848382949829,0.18239110708236694,0.14619971811771393,-0.34720152616500854,-1.3422428369522095,-0.16587787866592407,-0.7384011149406433,0.6923757195472717
2.0850892066955566,0.10645958036184311,-0.728600800037384,1.7381699085235596,-0.11864624172449112,-0.21040815114974976,-0.09726157784461975,-0.2804392874240875,-0.10751309245824814,0.11588583141565323,0.3160589374601841,0.3148902263492346,0.9647229789952659,-0.06570518016815186,-0.5251851677894592,0.1820080280303955,0.152950257062912,-0.34818100929260254,-1.3444156646728516,-0.16655953228473663,-0.736707329750061,0.6954267621040344
2.0604491233825684,0.12680481374263763,-0.7862001061439514,1.8034238815307617,-0.12172023952007294,-0.2111436426639557,-0.10000995546579361,-0.2819536328315735,-0.10756900906562805,0.11287961900234222,0.31543732061982155,0.31717350147664547,0.9652335523824119,-0.07715965062379837,-0.536677360534668,0.18745805323123932,0.16078509390354156,-0.34602341055870056,-1.3436039686203003,-0.165202796459198,-0.7346040606498718,0.6917097568511963
2.0159199237823486,0.12434940040111542,-0.8133042454719543,1.837884545326233,-0.12611274421215057,-0.20955239236354828,-0.10158196091651917,-0.28531938791275024,-0.10649386048316956,0.11049790680408478,0.3145172633230686,0.3192692007869482,0.9655707358579063,-0.0882669985294342,-0.5469986200332642,0.1964152753353119,0.16887640953063965,-0.3432289659976959,-1.3419901132583618,-0.16144023835659027,-0.7331892848014832,0.6844140291213989
2.001736640930176,0.10375388711690903,-0.7998608946800232,1.8306431770324707,-0.13073910772800446,-0.20717193186283112,-0.10244575887918472,-0.288783997297287,-0.10423470288515091,0.1068364605307579,0.31339186802506447,0.32174824737012386,0.9656274794797325,-0.09407416731119156,-0.5470830202102661,0.20263749361038208,0.17680884897708893,-0.3446982204914093,-1.342995524406433,-0.1559019237756729,-0.734843373298645,0.6804367899894714
2.030752658843994,0.0796433761715889,-0.746275007724762,1.786240816116333,-0.13278956711292267,-0.20499363541603088,-0.10288749635219574,-0.29122376441955566,-0.10079005360603333,0.10046699643135071,0.31219959631562233,0.32416569255292416,0.9657710074643516,-0.09238340705633163,-0.5362177491188049,0.20343810319900513,0.18457873165607452,-0.3524112105369568,-1.347586989402771,-0.15038806200027466,-0.7397639751434326,0.6821788549423218
2.068850040435791,0.05283154547214508,-0.6676716208457947,1.7170583009719849,-0.13086850941181183,-0.2026044726371765,-0.10208723694086075,-0.2916947901248932,-0.09572567045688629,0.0941544771194458,0.3108890689909458,0.3270129170268774,0.9660742758969688,-0.08604737371206284,-0.5186750888824463,0.20144453644752502,0.19169367849826813,-0.3630327880382538,-1.3548837900161743,-0.1452912986278534,-0.7448450326919556,0.6864261031150818
2.0865509510040283,0.02205617167055607,-0.5876927971839905,1.638132095336914,-0.12291798740625381,-0.1993943452835083,-0.09986090660095215,-0.28963086009025574,-0.08991657942533493,0.08997669816017151,0.3092821277678013,0.32962008379399776,0.9663414835194969,-0.07890516519546509,-0.4964435398578644,0.1985580176115036,0.19572369754314423,-0.3740077316761017,-1.363343596458435,-0.1414574384689331,-0.7486599087715149,0.6892799735069275
2.08982515335083,-0.005163806956261396,-0.5250482559204102,1.5688241720199585,-0.10863562673330307,-0.19596527516841888,-0.09674132615327835,-0.2854102551937103,-0.08301098644733429,0.08686532825231552,0.307512316852808,0.33191644214093685,0.9666435002545738,-0.07163471728563309,-0.47166240215301514,0.19583550095558167,0.1977912187576294,-0.38495704531669617,-1.3709392547607422,-0.13978004455566406,-0.7516048550605774,0.6913194060325623
2.0899996757507324,-0.02775944210588932,-0.4839857816696167,1.5261024236679077,-0.09182585775852203,-0.19381698966026306,-0.09447459131479263,-0.2812591791152954,-0.07683978974819183,0.08804598450660706,0.3054608441889286,0.33365066908299923,0.9667613982419395,-0.06427869200706482,-0.4482592046260834,0.19331708550453186,0.19759120047092438,-0.391167014837265,-1.3780852556228638,-0.14014072716236115,-0.7507199645042419,0.6933576464653015
2.0899996757507324,-0.04472950100898743,-0.46920245885849,1.5188746452331543,-0.0732954889535904,-0.19322267174720764,-0.09332256019115448,-0.2784145176410675,-0.07243741303682327,0.09337744116783142,0.3033209480345249,0.3363859858363867,0.9667194365720176,-0.0572623535990715,-0.4269252121448517,0.18927285075187683,0.19550764560699463,-0.39274194836616516,-1.38664972782135,-0.14278174936771393,-0.745695173740387,0.6968593597412109
2.0899996757507324,-0.046579211950302124,-0.4870857298374176,1.5464515686035156,-0.05691588670015335,-0.1934114694595337,-0.09256365150213242,-0.2768673896789551,-0.06918515264987946,0.09820079803466797,0.30120566859841347,0.33964031003415585,0.9669441460828209,-0.050258856266736984,-0.4118412733078003,0.18381163477897644,0.19334498047828674,-0.3939586579799652,-1.3940823078155518,-0.14515839517116547,-0.7393333911895752,0.70359206199646
2.0899996757507324,-0.02490580826997757,-0.5359669327735901,1.6040023565292358,-0.04208189249038696,-0.19437240064144135,-0.09236462414264679,-0.27684447169303894,-0.06619292497634888,0.10426317900419235,0.29870227351784706,0.3427556660026312,0.9668810843686485,-0.04525390639901161,-0.4047181308269501,0.1777658611536026,0.1920265406370163,-0.39505937695503235,-1.3992817401885986,-0.1475142389535904,-0.732668936252594,0.7100322246551514
2.0897977352142334,0.023325173184275627,-0.6122238039970398,1.68252694606781,-0.03195461258292198,-0.19613702595233917,-0.09322728961706161,-0.2777319848537445,-0.06250828504562378,0.1084175556898117,0.29581135883927345,0.34538271091878414,0.9666368841390037,-0.044034119695425034,-0.40411606431007385,0.17319956421852112,0.1946403533220291,-0.3967137038707733,-1.4024566411972046,-0.14821463823318481,-0.7277206778526306,0.715120792388916
2.085885763168335,0.08110959827899933,-0.6990060210227966,1.7578929662704468,-0.02405749261379242,-0.1981392204761505,-0.09448079764842987,-0.27841416001319885,-0.06024930998682976,0.11045277118682861,0.2931891120970249,0.34874640963971615,0.9665369867543602,-0.047267090529203415,-0.4111389219760895,0.17172451317310333,0.19754262268543243,-0.3953971266746521,-1.4030280113220215,-0.14789488911628723,-0.7231036424636841,0.7153494358062744
2.063892364501953,0.12878304719924927,-0.7772868275642395,1.817148208618164,-0.01777450367808342,-0.19884036481380463,-0.09493210911750793,-0.2805626690387726,-0.058028604835271835,0.11091846972703934,0.2903236486017704,0.35222079418599606,0.9668391226987266,-0.05387779697775841,-0.42465198040008545,0.17564526200294495,0.20003792643547058,-0.39046114683151245,-1.4004510641098022,-0.14678700268268585,-0.7181747555732727,0.7103002667427063
2.0196011066436768,0.14746570587158203,-0.8253057599067688,1.849432349205017,-0.014902599155902863,-0.19633354246616364,-0.09377316385507584,-0.28533968329429626,-0.053795378655195236,0.11212269961833954,0.2874131537973881,0.3561869468539953,0.9674143671254539,-0.06206094101071358,-0.4420246481895447,0.18394017219543457,0.20225125551223755,-0.38329017162323,-1.3947725296020508,-0.1439286172389984,-0.7137216329574585,0.7010983824729919
1.996578335762024,0.13802282512187958,-0.8315778970718384,1.8455820083618164,-0.015318991616368294,-0.19092108309268951,-0.09124787151813507,-0.29191356897354126,-0.04782571271061897,0.11300338804721832,0.284549955278635,0.3604594077914953,0.9677598952512169,-0.0677221491932869,-0.45352476835250854,0.19016236066818237,0.2037789672613144,-0.3777126371860504,-1.3903433084487915,-0.14012384414672852,-0.7117946743965149,0.6928375959396362
2.019011974334717,0.11792565882205963,-0.7954302430152893,1.808605432510376,-0.015979107469320297,-0.18368665874004364,-0.08777134120464325,-0.29851120710372925,-0.04053055867552757,0.10995729267597198,0.2817264534533024,0.3647466506808996,0.9679652928571129,-0.0671590268611908,-0.456608384847641,0.18991874158382416,0.2056288868188858,-0.37736180424690247,-1.388858437538147,-0.13737741112709045,-0.7138407826423645,0.6895734667778015
2.0606203079223633,0.09172976016998291,-0.7305364608764648,1.7515908479690552,-0.016002090647816658,-0.1745515614748001,-0.08405064791440964,-0.3032785952091217,-0.03050033003091812,0.10635784268379211,0.2787320353090763,0.36952548287808895,0.9681253313283348,-0.06181209534406662,-0.45738646388053894,0.18617254495620728,0.2084379941225052,-0.3798075318336487,-1.3886030912399292,-0.13613618910312653,-0.7175069451332092,0.6893215179443359
2.0844080448150635,0.05980139970779419,-0.662583589553833,1.6897798776626587,-0.01583482138812542,-0.16433322429656982,-0.08042477816343307,-0.30498379468917847,-0.019090179353952408,0.1059926226735115,0.2754209227859974,0.3745437767356634,0.9682772039632225,-0.054949574172496796,-0.4589139223098755,0.18202635645866394,0.20895852148532867,-0.38064008951187134,-1.388637900352478,-0.13740094006061554,-0.7192609310150146,0.6900599598884583
2.089693069458008,0.031075559556484222,-0.6127665638923645,1.6397831439971924,-0.01757156103849411,-0.1545383632183075,-0.07717673480510712,-0.3019852936267853,-0.008463569916784763,0.10947858542203903,0.27254023030400276,0.3794941809028387,0.9681089996556663,-0.04857466369867325,-0.46007227897644043,0.17761169373989105,0.20509964227676392,-0.379873126745224,-1.3890219926834106,-0.14140984416007996,-0.7182037234306335,0.6915396451950073
2.0899996757507324,0.013569165952503681,-0.5908909440040588,1.619167685508728,-0.01636710949242115,-0.14464735984802246,-0.0743352472782135,-0.29256317019462585,0.0015887547051534057,0.11524426192045212,0.26948999240994453,0.38435538671910763,0.9676937340955162,-0.04226458817720413,-0.46002113819122314,0.17223042249679565,0.19927051663398743,-0.3780824542045593,-1.3907302618026733,-0.15007540583610535,-0.7145369052886963,0.694420576095581
2.0899996757507324,0.012860467657446861,-0.6027106642723083,1.6366117000579834,-0.012612095102667809,-0.1351509690284729,-0.07080235332250595,-0.27628108859062195,0.012144728563725948,0.12106058746576309,0.2666848637163639,0.38978185318410397,0.967301833556118,-0.03576847165822983,-0.4610258936882019,0.1642255038022995,0.1945330947637558,-0.37785854935646057,-1.3929277658462524,-0.1631823629140854,-0.7114269733428955,0.699804961681366
2.0899996757507324,0.031813401728868484,-0.6477394700050354,1.6756190061569214,-0.012754651717841625,-0.12615898251533508,-0.0643688514828682,-0.2553791403770447,0.021092433482408524,0.12427797168493271,0.2638629265129566,0.395612558349967,0.9670106052617454,-0.02932809665799141,-0.465654194355011,0.15483088791370392,0.18950380384922028,-0.3776910901069641,-1.3959733247756958,-0.17739644646644592,-0.7080115675926208,0.7072576284408569
2.0893778800964355,0.0686456561088562,-0.7181771397590637,1.7322250604629517,-0.017057273536920547,-0.11762898415327072,-0.05439276248216629,-0.23321378231048584,0.027592601254582405,0.1242484301328659,0.2612905390560627,0.40157117508351803,0.9669360994557762,-0.024038171395659447,-0.47107240557670593,0.14490433037281036,0.18324409425258636,-0.3758426010608673,-1.4008971452713013,-0.19239023327827454,-0.7046650052070618,0.7156902551651001
2.0790419578552246,0.11276330053806305,-0.7967185378074646,1.7977654933929443,-0.028189901262521744,-0.11020834743976593,-0.04283735901117325,-0.21151573956012726,0.03286578878760338,0.12340541929006577,0.2592398263514042,0.4078251924365759,0.9670053004483604,-0.02177213877439499,-0.47732478380203247,0.13545484840869904,0.17612318694591522,-0.37207889556884766,-1.4056963920593262,-0.2066935896873474,-0.7018563747406006,0.7219382524490356
2.036419153213501,0.15221714973449707,-0.8645111918449402,1.8589838743209839,-0.04445524141192436,-0.10088781267404556,-0.030966006219387054,-0.19151253998279572,0.03876379877328873,0.12147388607263565,0.257185373455286,0.4151069726794958,0.9675251721600914,-0.021634506061673164,-0.4856802225112915,0.13051195442676544,0.1706574410200119,-0.3681318163871765,-1.4085562229156494,-0.21777218580245972,-0.6986136436462402,0.7251068353652954
1.9660661220550537,0.16825394332408905,-0.900068461894989,1.8996623754501343,-0.06309017539024353,-0.08930136263370514,-0.018759610131382942,-0.1742551475763321,0.04609300196170807,0.11972663551568985,0.2548634149134159,0.4224249329417944,0.9680227517346763,-0.021791517734527588,-0.4930416941642761,0.12931987643241882,0.1670672744512558,-0.36411383748054504,-1.4103120565414429,-0.2266015261411667,-0.6940271258354187,0.7246955037117004
1.9153809547424316,0.16281969845294952,-0.8930841088294983,1.911558747291565,-0.0812634751200676,-0.07532979547977448,-0.005768234375864267,-0.15722458064556122,0.05475235730409622,0.11703013628721237,0.2525842823088169,0.4300467576831579,0.9686613558987999,-0.01886453852057457,-0.4944116175174713,0.12697206437587738,0.16648660600185394,-0.3636569678783417,-1.412786602973938,-0.2335890382528305,-0.6904414296150208,0.7256237268447876
1.9118132591247559,0.1474037617444992,-0.8411821722984314,1.8955516815185547,-0.09861961007118225,-0.06047702208161354,0.00867991242557764,-0.13873612880706787,0.06455276906490326,0.11069437116384506,0.25030699744820595,0.4379586782306433,0.9685755252103233,-0.0096092214807868,-0.48948580026626587,0.11932917684316635,0.17115972936153412,-0.3711276948451996,-1.416368842124939,-0.2404455989599228,-0.6913918852806091,0.7316477298736572
1.9367210865020752,0.11970008164644241,-0.748297929763794,1.8557400703430176,-0.11485562473535538,-0.0439295768737793,0.025230305269360542,-0.11950065195560455,0.07508854568004608,0.1009075939655304,0.247965220361948,0.44634448550641537,0.9685006021718406,0.005554408300668001,-0.4798867106437683,0.10845623165369034,0.18056419491767883,-0.38693952560424805,-1.421106219291687,-0.24621963500976562,-0.6974725127220154,0.7427132725715637
1.9492977857589722,0.07520821690559387,-0.6243324279785156,1.7949450016021729,-0.13304640352725983,-0.026688721030950546,0.04384583234786987,-0.10038714110851288,0.0860879197716713,0.08848569542169571,0.24538293853402138,0.45456462167203426,0.968001890109005,0.02367611788213253,-0.46643730998039246,0.09861747920513153,0.19367845356464386,-0.4087008535861969,-1.4263319969177246,-0.24975483119487762,-0.7084313035011292,0.7556918263435364
1.927598237991333,0.01970398984849453,-0.482690691947937,1.7157455682754517,-0.1550745666027069,-0.01021186076104641,0.06498736888170242,-0.08066748827695847,0.09687896072864532,0.0727328509092331,0.2428765781223774,0.4630450811237097,0.9672983168820762,0.042270585894584656,-0.4473699629306793,0.09267599135637283,0.21046556532382965,-0.43260806798934937,-1.4323536157608032,-0.25122514367103577,-0.7225251197814941,0.7675243020057678
1.8738656044006348,-0.03858371451497078,-0.33257293701171875,1.6267045736312866,-0.18017065525054932,0.004728945437818766,0.08943825960159302,-0.059702806174755096,0.10603450983762741,0.053866054862737656,0.24002261832356453,0.4703334178775549,0.9662255524854088,0.05931665748357773,-0.4233287572860718,0.08977155387401581,0.2292318344116211,-0.453846275806427,-1.4384074211120605,-0.2522168457508087,-0.7368878722190857,0.7751398086547852
1.7935057878494263,-0.09602151066064835,-0.1809760332107544,1.537165641784668,-0.2050027996301651,0.019800487905740738,0.11664050072431564,-0.037664540112018585,0.1150742769241333,0.03185264766216278,0.237170297652483,0.47763275168836117,0.9653063892583275,0.0742962583899498,-0.39665859937667847,0.0890675038099289,0.250453382730484,-0.4707713723182678,-1.44258451461792,-0.25203266739845276,-0.7502270936965942,0.7789409160614014
1.6902375221252441,-0.15233439207077026,-0.03274388611316681,1.4519528150558472,-0.23089410364627838,0.03422608599066734,0.1450049728155136,-0.015469660982489586,0.12556910514831543,0.007867729291319847,0.23427541926503181,0.485478600487113,0.9640095710019493,0.08684826642274857,-0.36893483996391296,0.08948327600955963,0.27332136034965515,-0.4840570092201233,-1.445477843284607,-0.2507539391517639,-0.7626990079879761,0.7801393270492554
1.568246841430664,-0.2110580950975418,0.11026617884635925,1.3748736381530762,-0.2602967917919159,0.046737417578697205,0.1732255518436432,0.006849898025393486,0.1350025236606598,-0.016236087307333946,0.2318025566637516,0.49211316369473934,0.9626043915013694,0.09644447267055511,-0.3430602550506592,0.08914300799369812,0.29451224207878113,-0.49117597937583923,-1.4496080875396729,-0.2488069385290146,-0.7716798782348633,0.7800443768501282
1.4349311590194702,-0.2823954224586487,0.24918894469738007,1.316982626914978,-0.290519118309021,0.05838266387581825,0.1988718956708908,0.026725677773356438,0.14342138171195984,-0.03754029795527458,0.22947708144783974,0.49887912534177303,0.9616209148625755,0.10333283245563507,-0.3240812122821808,0.08719442784786224,0.3104366064071655,-0.49204444885253906,-1.4549753665924072,-0.24960163235664368,-0.7750112414360046,0.7800113558769226
1.295403003692627,-0.36410704255104065,0.3829770088195801,1.2768049240112305,-0.32078951597213745,0.07015043497085571,0.21973060071468353,0.04451631382107735,0.15462017059326172,-0.05697038024663925,0.2268119789659977,0.5060483422130346,0.9602234243611717,0.10723619908094406,-0.3119889497756958,0.085234634578228,0.3233512341976166,-0.49394527077674866,-1.4594626426696777,-0.2507530748844147,-0.7754849791526794,0.7797799110412598
1.155993103981018,-0.45964959263801575,0.509162187576294,1.2485840320587158,-0.3502452075481415,0.08297895640134811,0.23488172888755798,0.06026185676455498,0.16685153543949127,-0.07229892909526825,0.22477636113762856,0.513054421171546,0.9581129430989647,0.10694560408592224,-0.306964635848999,0.0832345113158226,0.33191797137260437,-0.49278131127357483,-1.4619389772415161,-0.2511262595653534,-0.7722270488739014,0.7790593504905701
1.0249468088150024,-0.5746017694473267,0.6207067370414734,1.2278488874435425,-0.36924803256988525,0.10212505608797073,0.24471862614154816,0.07138533890247345,0.18101109564304352,-0.07630865275859833,0.22249478474259377,0.5198545064777136,0.9560329794148826,0.10089780390262604,-0.31657516956329346,0.07951553165912628,0.32979846000671387,-0.48409590125083923,-1.4610093832015991,-0.2540985345840454,-0.7634845972061157,0.7761424779891968
0.9078981876373291,-0.7055363059043884,0.7028920650482178,1.2027719020843506,-0.3810620605945587,0.12592671811580658,0.25003865361213684,0.07767752557992935,0.19708463549613953,-0.06666553020477295,0.22054049745202065,0.5260357167571783,0.9540321706990623,0.08822637051343918,-0.34357309341430664,0.07173757255077362,0.3153879940509796,-0.46507561206817627,-1.4558182954788208,-0.2601199150085449,-0.7488539814949036,0.7716328501701355
0.8085958957672119,-0.8412043452262878,0.7465779781341553,1.1701128482818604,-0.38727957010269165,0.15310020744800568,0.2532399892807007,0.08038432896137238,0.21387965977191925,-0.0483056977391243,0.21857381239533424,0.5317041780799627,0.9524795293073082,0.07033894211053848,-0.3831620216369629,0.059977415949106216,0.2945316731929779,-0.436557412147522,-1.4476946592330933,-0.26844704151153564,-0.72962486743927,0.7644233107566833
0.7263273000717163,-0.9663622975349426,0.7555073499679565,1.1359316110610962,-0.393623948097229,0.17861421406269073,0.25599405169487,0.08259499818086624,0.22681090235710144,-0.028895538300275803,0.21694821491837502,0.5366822388023138,0.9515522598485374,0.05003663897514343,-0.4261888563632965,0.045241501182317734,0.27460777759552,-0.4009665548801422,-1.4392080307006836,-0.2783724367618561,-0.7065180540084839,0.7541819214820862
0.6581826210021973,-1.07382071018219,0.7383237481117249,1.1005421876907349,-0.4052397906780243,0.19750064611434937,0.25850337743759155,0.08477652072906494,0.23297661542892456,-0.012844244949519634,0.21575512364506721,0.54112290404737,0.9511707901219749,0.029038341715931892,-0.4641306698322296,0.027693860232830048,0.25796952843666077,-0.3648236095905304,-1.4316543340682983,-0.2871326804161072,-0.6817286014556885,0.7450364828109741
0.6002867221832275,-1.1610161066055298,0.7042776346206665,1.0621870756149292,-0.4199940860271454,0.21095022559165955,0.2603505551815033,0.08647476136684418,0.2352551966905594,-0.0008107686298899353,0.21498656645417213,0.5454196836799383,0.9509104966382408,0.010723755694925785,-0.4926038086414337,0.011354207992553711,0.2435002475976944,-0.3363546133041382,-1.4247368574142456,-0.2920739948749542,-0.6594581604003906,0.7395560145378113
0.5472415089607239,-1.227244257926941,0.6582562327384949,1.0174355506896973,-0.43688079714775085,0.22031651437282562,0.2612515389919281,0.08867349475622177,0.23731450736522675,0.009283717721700668,0.21435898914933205,0.5488881971687078,0.9513978242139244,-0.0033398736268281937,-0.5115504264831543,-0.0008302685455419123,0.22803708910942078,-0.3153698742389679,-1.4188215732574463,-0.2945985794067383,-0.6415538787841797,0.736744225025177
0.48468711972236633,-1.2744663953781128,0.6059428453445435,0.9671981930732727,-0.45470014214515686,0.2262338399887085,0.26097023487091064,0.08983638882637024,0.23956260085105896,0.016260303556919098,0.21382421627640724,0.5517543461173773,0.951599883959713,-0.013152648694813251,-0.5207958817481995,-0.009189107455313206,0.21206466853618622,-0.30390265583992004,-1.4127089977264404,-0.293570876121521,-0.6324069499969482,0.7357534170150757
0.40619900822639465,-1.3036943674087524,0.5517889261245728,0.9154426455497742,-0.47308897972106934,0.22928641736507416,0.26002073287963867,0.0898243710398674,0.24185682833194733,0.019673071801662445,0.2139080949127674,0.5542039182037115,0.9517717241506004,-0.020223300904035568,-0.5229536294937134,-0.014514150097966194,0.19602276384830475,-0.2976545989513397,-1.406051754951477,-0.2896828353404999,-0.6302724480628967,0.7347672581672668
0.30724620819091797,-1.3175487518310547,0.497916579246521,0.8671526312828064,-0.4929048717021942,0.22960549592971802,0.2592153549194336,0.0918656513094902,0.24382348358631134,0.01975339464843273,0.2142699845135212,0.5560664441436529,0.951906371043148,-0.025807539001107216,-0.5188645720481873,-0.01806829310953617,0.18033704161643982,-0.29386913776397705,-1.398747444152832,-0.2856699526309967,-0.6325872540473938,0.7313051819801331
0.18886931240558624,-1.3205273151397705,0.44756799936294556,0.8287684321403503,-0.5131179690361023,0.22833046317100525,0.2584930956363678,0.09604337066411972,0.24500642716884613,0.01513375248759985,0.21509819105267525,0.558202376589179,0.9520981787900352,-0.029543427750468254,-0.5077440142631531,-0.019186370074748993,0.16708382964134216,-0.2931835651397705,-1.3915443420410156,-0.28218671679496765,-0.6379618644714355,0.7257829308509827
0.07034748047590256,-1.3142423629760742,0.40241721272468567,0.8029850125312805,-0.53327876329422,0.22578975558280945,0.25758326053619385,0.10074223577976227,0.24521608650684357,0.008630548603832722,0.21600094810128212,0.5598175432533026,0.9521243452290916,-0.033664654940366745,-0.4925001859664917,-0.0179054643958807,0.15439055860042572,-0.29437145590782166,-1.3846555948257446,-0.27881163358688354,-0.6453322172164917,0.7198227047920227
-0.029539914801716805,-1.3047252893447876,0.36537566781044006,0.788394033908844,-0.5524469614028931,0.2231023758649826,0.2567249834537506,0.10529806464910507,0.24443791806697845,0.0013771504163742065,0.2168860323727131,0.5609726216644049,0.9519307493428611,-0.03770515322685242,-0.47676485776901245,-0.015686359256505966,0.1425149291753769,-0.2978784143924713,-1.3770054578781128,-0.27616897225379944,-0.6560093760490417,0.7149590849876404
-0.09692106395959854,-1.2994517087936401,0.3384014070034027,0.778158962726593,-0.5696778893470764,0.22088375687599182,0.2559201419353485,0.10874800384044647,0.24294133484363556,-0.00481621827930212,0.21790124848484993,0.5618371274322271,0.9518397926549339,-0.042349692434072495,-0.45946788787841797,-0.014647943899035454,0.13077236711978912,-0.3036177158355713,-1.3706645965576172,-0.273235946893692,-0.6685768365859985,0.713986873626709
-0.12762776017189026,-1.304555058479309,0.3207189440727234,0.7637671232223511,-0.584416925907135,0.22015291452407837,0.2549428939819336,0.11051687598228455,0.24168512225151062,-0.00868553388863802,0.21914017572999,0.5627574827522039,0.951576518938961,-0.04675554856657982,-0.4395241141319275,-0.016494741663336754,0.11853061616420746,-0.31123805046081543,-1.3667325973510742,-0.2709914445877075,-0.6803030967712402,0.7148098349571228
-0.1254720687866211,-1.3207978010177612,0.31122109293937683,0.7406304478645325,-0.5966590046882629,0.22098314762115479,0.25339066982269287,0.11164592951536179,0.24170568585395813,-0.010176649317145348,0.22025573626160622,0.5638303067535162,0.9512404083470726,-0.04988354071974754,-0.41859135031700134,-0.02132047340273857,0.1057509183883667,-0.3205261528491974,-1.3645998239517212,-0.26926547288894653,-0.6890304684638977,0.7157240509986877
-0.09896651655435562,-1.3418328762054443,0.3092621862888336,0.710677444934845,-0.6069892048835754,0.2227485179901123,0.25101518630981445,0.11192166060209274,0.24349576234817505,-0.010701869614422321,0.22144385054707527,0.5646554138511419,0.951118218825283,-0.05202829837799072,-0.39683783054351807,-0.026995327323675156,0.09372641891241074,-0.3303986191749573,-1.3639518022537231,-0.2673191428184509,-0.6931918859481812,0.7168560028076172
-0.06647275388240814,-1.361843228340149,0.31223180890083313,0.6799136996269226,-0.6160480976104736,0.224842369556427,0.24850983917713165,0.11303835362195969,0.24628061056137085,-0.011467031203210354,0.22306403890252113,0.5657703187316656,0.9509271859387779,-0.05255139246582985,-0.37083157896995544,-0.03454745560884476,0.08406154811382294,-0.34136882424354553,-1.3644800186157227,-0.2648182809352875,-0.694107174873352,0.7188497185707092
-0.04094226285815239,-1.3742789030075073,0.3171333968639374,0.6529173851013184,-0.6251980066299438,0.22634048759937286,0.24663394689559937,0.11600897461175919,0.24930864572525024,-0.012544026598334312,0.22454645112156868,0.5666564013808966,0.9506394147138023,-0.05189749225974083,-0.3392241597175598,-0.044147856533527374,0.07730819284915924,-0.35352858901023865,-1.365044116973877,-0.2624429762363434,-0.6945779323577881,0.7222636938095093
-0.03047817386686802,-1.3779388666152954,0.32324981689453125,0.634270966053009,-0.6338753700256348,0.22785396873950958,0.2455640435218811,0.11995179951190948,0.2514025568962097,-0.015161601826548576,0.22633755579590797,0.5679109003394842,0.9503484844426536,-0.04953236132860184,-0.30412405729293823,-0.053576141595840454,0.07479649782180786,-0.36509963870048523,-1.3644009828567505,-0.2605796456336975,-0.6960732340812683,0.7277883291244507
-0.03411430865526199,-1.3746497631072998,0.3289538025856018,0.624690055847168,-0.6417087912559509,0.22955183684825897,0.24546533823013306,0.12397802621126175,0.2521875202655792,-0.016885481774806976,0.2278563715517521,0.5689436104148626,0.9502967476109886,-0.04807252064347267,-0.2711639404296875,-0.0610843226313591,0.07415280491113663,-0.3743027150630951,-1.3619402647018433,-0.2584277391433716,-0.6976658701896667,0.7324274778366089
-0.04599977284669876,-1.3685288429260254,0.3345920443534851,0.6230322122573853,-0.6497282385826111,0.23067788779735565,0.24628888070583344,0.12756341695785522,0.2524334490299225,-0.019282903522253036,0.22897883132100105,0.5699235703796148,0.9500748991231346,-0.048098210245370865,-0.24429364502429962,-0.06528949737548828,0.07678093016147614,-0.3813127875328064,-1.3583179712295532,-0.25578275322914124,-0.6980315446853638,0.7349079847335815
-0.057115644216537476,-1.3628756999969482,0.3423534631729126,0.6265227198600769,-0.6586976647377014,0.23026041686534882,0.2481660395860672,0.12974600493907928,0.25228574872016907,-0.022914206609129906,0.23019008710980415,0.5710323955863714,0.9496001481274986,-0.049939922988414764,-0.22530634701251984,-0.06587914377450943,0.08285705745220184,-0.38766396045684814,-1.3547853231430054,-0.2512437105178833,-0.696765124797821,0.7352550029754639
-0.059772223234176636,-1.3604371547698975,0.35257697105407715,0.6303654909133911,-0.6686408519744873,0.22817964851856232,0.25166988372802734,0.13005021214485168,0.2524332106113434,-0.02696884423494339,0.2312445528805256,0.5722865965217352,0.9490851043919944,-0.05241427943110466,-0.21470330655574799,-0.06380026787519455,0.09157334268093109,-0.395231157541275,-1.351970911026001,-0.24425221979618073,-0.6951064467430115,0.7354257702827454
-0.052451130002737045,-1.362015962600708,0.3655015528202057,0.6318795680999756,-0.6787785291671753,0.22578969597816467,0.25643929839134216,0.12867118418216705,0.2540672719478607,-0.030508503317832947,0.23180601373314857,0.573265602812171,0.9486825942258262,-0.05373302474617958,-0.21184183657169342,-0.060113366693258286,0.10178565233945847,-0.40345337986946106,-1.3497284650802612,-0.2369060516357422,-0.6933225989341736,0.7353914976119995
-0.039331816136837006,-1.3666093349456787,0.3805048167705536,0.6314660310745239,-0.687050998210907,0.22437210381031036,0.26203453540802,0.12646347284317017,0.25694578886032104,-0.03242817521095276,0.23205164447426796,0.5740662720054388,0.9484748124341392,-0.053626660257577896,-0.21311672031879425,-0.0566694550216198,0.11212117224931717,-0.40926483273506165,-1.348868489265442,-0.2289613038301468,-0.688999354839325,0.7371340990066528
-0.026783213019371033,-1.3722984790802002,0.3962394595146179,0.6311746835708618,-0.6925343871116638,0.22474275529384613,0.2677556276321411,0.12506866455078125,0.2608201503753662,-0.0324651338160038,0.23202696815133095,0.574900796636939,0.9479101180295372,-0.05219491943717003,-0.21464642882347107,-0.054016873240470886,0.12198885530233383,-0.41249343752861023,-1.3498393297195435,-0.22175773978233337,-0.6835625767707825,0.7391825914382935
-0.020859409123659134,-1.3781839609146118,0.41066327691078186,0.6329147219657898,-0.6954828500747681,0.2272060513496399,0.2733237147331238,0.12617610394954681,0.2652367353439331,-0.03216945379972458,0.23170127347111702,0.576008191332221,0.9473611592511558,-0.04872531816363335,-0.21616673469543457,-0.05207931622862816,0.13268189132213593,-0.41419392824172974,-1.3520405292510986,-0.21771904826164246,-0.679621696472168,0.7404952645301819
-0.021885333582758904,-1.3829885721206665,0.4219358563423157,0.6365508437156677,-0.6965270042419434,0.23110327124595642,0.2789173126220703,0.13008645176887512,0.26887407898902893,-0.032001182436943054,0.2311234511435032,0.5768890883773565,0.9466892956952476,-0.044283684343099594,-0.21910466253757477,-0.05076133459806442,0.14445626735687256,-0.4127877354621887,-1.355631947517395,-0.21709425747394562,-0.6762476563453674,0.7408620119094849
-0.02988588996231556,-1.3874785900115967,0.43040263652801514,0.6420111656188965,-0.6963497996330261,0.23519694805145264,0.2849976122379303,0.1356358826160431,0.27043479681015015,-0.031222030520439148,0.23016944900155067,0.5774209406226873,0.9462565063695335,-0.04006132856011391,-0.22529654204845428,-0.05043350160121918,0.15622028708457947,-0.40775638818740845,-1.3608989715576172,-0.21854780614376068,-0.6727555394172668,0.7401173710823059
-0.04331007972359657,-1.392094612121582,0.4374162256717682,0.6490151286125183,-0.6952246427536011,0.23850151896476746,0.29131385684013367,0.13990962505340576,0.269715815782547,-0.03124946914613247,0.22980521991848946,0.5781104471534491,0.9460772752026939,-0.03612739220261574,-0.23366416990756989,-0.050398971885442734,0.16867604851722717,-0.40111157298088074,-1.3684215545654297,-0.2202099859714508,-0.6701643466949463,0.7399289011955261
-0.05858512222766876,-1.395991563796997,0.44192740321159363,0.6553744673728943,-0.6925994157791138,0.2415899783372879,0.29661768674850464,0.14212709665298462,0.26770922541618347,-0.030664224177598953,0.2289336808025837,0.5784339215606451,0.9459326743344688,-0.03316656872630119,-0.24589818716049194,-0.0495515801012516,0.1793917566537857,-0.39300012588500977,-1.376448154449463,-0.22181466221809387,-0.6677123308181763,0.7381063103675842
-0.07467705011367798,-1.3991343975067139,0.44440895318984985,0.660603940486908,-0.6881706118583679,0.24466633796691895,0.2991504967212677,0.1420309990644455,0.2652623951435089,-0.029291627928614616,0.22808725014328957,0.5783024337142706,0.945806848929348,-0.03108077682554722,-0.2587476968765259,-0.04628535732626915,0.1867891401052475,-0.38365471363067627,-1.3849259614944458,-0.22275429964065552,-0.6650198101997375,0.7351158857345581
-0.09071257710456848,-1.4018118381500244,0.4457573890686035,0.6648594737052917,-0.6836873888969421,0.24682120978832245,0.2987785339355469,0.14113198220729828,0.2644379138946533,-0.028620928525924683,0.2272680439054966,0.5782141592353582,0.9454669832448387,-0.029115095734596252,-0.2715807557106018,-0.04158155620098114,0.19205805659294128,-0.3752896189689636,-1.3925068378448486,-0.22366291284561157,-0.6632601022720337,0.7323799133300781
-0.10808570683002472,-1.4051023721694946,0.44659748673439026,0.6686815619468689,-0.6794009208679199,0.24801601469516754,0.29719817638397217,0.14117838442325592,0.26488256454467773,-0.02902952767908573,0.22641653195023537,0.5783059503883123,0.9453458666066551,-0.026938851922750473,-0.2843386232852936,-0.03751256689429283,0.19672532379627228,-0.36761316657066345,-1.3984709978103638,-0.223946213722229,-0.660739541053772,0.730055570602417
-0.12377028912305832,-1.4074681997299194,0.44760721921920776,0.6720398664474487,-0.6754866242408752,0.24774661660194397,0.294737845659256,0.14141245186328888,0.2651638388633728,-0.028404835611581802,0.2257310338318348,0.57847242616117,0.9453889011601829,-0.026578109711408615,-0.29628515243530273,-0.03526175767183304,0.19880959391593933,-0.3599131107330322,-1.4029461145401,-0.22225862741470337,-0.655902624130249,0.7279480695724487
-0.1367310732603073,-1.409701943397522,0.44905203580856323,0.6745713949203491,-0.6721664667129517,0.24636660516262054,0.2904495596885681,0.1401638686656952,0.2655877470970154,-0.028775105252861977,0.22526456788182259,0.5785173680633307,0.9454591154317283,-0.026776447892189026,-0.3075226843357086,-0.03283658251166344,0.199400395154953,-0.35381433367729187,-1.4056316614151,-0.21950025856494904,-0.6501182317733765,0.7255863547325134
-0.14633628726005554,-1.4118753671646118,0.45062559843063354,0.6758264899253845,-0.6693114638328552,0.24415944516658783,0.2852034270763397,0.13858716189861298,0.2667195498943329,-0.030761996284127235,0.22488229349255562,0.5783724095672369,0.945410895274105,-0.027137698605656624,-0.31828680634498596,-0.030760817229747772,0.1994568556547165,-0.35053175687789917,-1.4063483476638794,-0.21622230112552643,-0.6445568799972534,0.722918689250946
-0.15282472968101501,-1.4137643575668335,0.4517153799533844,0.6758162379264832,-0.6665015816688538,0.2415589839220047,0.27988094091415405,0.1371450126171112,0.2684602439403534,-0.034189969301223755,0.2244883067905903,0.5783653762191534,0.9455101370076561,-0.027251875028014183,-0.32691243290901184,-0.029286086559295654,0.19941234588623047,-0.349103182554245,-1.405803918838501,-0.21248430013656616,-0.6390127539634705,0.7215123176574707
-0.15587222576141357,-1.4142296314239502,0.45183977484703064,0.6743501424789429,-0.6636736392974854,0.23913328349590302,0.27491575479507446,0.1363220512866974,0.2699683904647827,-0.03832555562257767,0.2242758311331272,0.5786107089370489,0.9456342338780784,-0.026252856478095055,-0.33358654379844666,-0.028939245268702507,0.19906948506832123,-0.35062742233276367,-1.4036394357681274,-0.20920103788375854,-0.6351680159568787,0.7197703719139099
-0.15574882924556732,-1.4122531414031982,0.4504469931125641,0.6707629561424255,-0.6613038778305054,0.23705150187015533,0.2708176076412201,0.1358378380537033,0.2707236111164093,-0.04265735670924187,0.224035132676363,0.5784456040710211,0.9458470820645714,-0.023393120616674423,-0.3380895256996155,-0.029330192133784294,0.198516383767128,-0.35533443093299866,-1.4003677368164062,-0.20736131072044373,-0.6341546773910522,0.7170493006706238
-0.1537977159023285,-1.4089947938919067,0.44949960708618164,0.6665030717849731,-0.6593236923217773,0.23457244038581848,0.2668651342391968,0.1354723870754242,0.2708091735839844,-0.04628908634185791,0.2240791656076908,0.5780858304351568,0.9461160778264427,-0.020460156723856926,-0.3393090069293976,-0.02961110696196556,0.19684100151062012,-0.361659973859787,-1.397467017173767,-0.20522096753120422,-0.6359868049621582,0.7157421708106995
-0.1512598991394043,-1.4066213369369507,0.44885870814323425,0.6616688966751099,-0.6577438712120056,0.23184292018413544,0.2622595429420471,0.134626567363739,0.27093714475631714,-0.0493084192276001,0.2240271456539631,0.5780464913696051,0.9463652848462486,-0.017542876303195953,-0.3375542163848877,-0.02966928854584694,0.1939978152513504,-0.36929619312286377,-1.395336627960205,-0.20298951864242554,-0.640586793422699,0.7153787016868591
-0.1471329778432846,-1.4042869806289673,0.4480070471763611,0.6560013294219971,-0.6565648317337036,0.22919535636901855,0.2572743892669678,0.13382016122341156,0.27068307995796204,-0.051881056278944016,0.2240518368780613,0.5778040196746588,0.9466828583936119,-0.01442927960306406,-0.333891898393631,-0.02967788465321064,0.19037292897701263,-0.3771390914916992,-1.393591046333313,-0.20126867294311523,-0.647087574005127,0.7154373526573181
-0.14235427975654602,-1.4015753269195557,0.4476001262664795,0.6507237553596497,-0.6559032797813416,0.22645342350006104,0.2524279057979584,0.13262051343917847,0.2698436975479126,-0.0539836511015892,0.22421497479081154,0.5773166324943304,0.9468480824689293,-0.012090591713786125,-0.3278709053993225,-0.029660282656550407,0.1861708164215088,-0.38464948534965515,-1.3927905559539795,-0.19977118074893951,-0.6542235612869263,0.7154187560081482
-0.13858190178871155,-1.399338960647583,0.4472050666809082,0.6461998820304871,-0.6555643081665039,0.22366195917129517,0.24845601618289948,0.13061891496181488,0.26911887526512146,-0.055719900876283646,0.22425204887986183,0.5769812967628241,0.9472549437741661,-0.010767757892608643,-0.32056504487991333,-0.029420210048556328,0.18166470527648926,-0.39107072353363037,-1.392943024635315,-0.19827519357204437,-0.660823404788971,0.7157922983169556
-0.13662585616111755,-1.3978526592254639,0.44732990860939026,0.6431046724319458,-0.6549715995788574,0.22129058837890625,0.24499168992042542,0.1296158730983734,0.2686348557472229,-0.058401815593242645,0.2244354821741581,0.5769774820655584,0.9476469635228538,-0.009709249250590801,-0.3120715320110321,-0.029312388971447945,0.17816771566867828,-0.3968583643436432,-1.3935096263885498,-0.1970653086900711,-0.6671226620674133,0.7162625193595886
-0.1357659101486206,-1.3962301015853882,0.4474552273750305,0.6414591670036316,-0.654722273349762,0.2190987765789032,0.24152983725070953,0.12995953857898712,0.2683391273021698,-0.0613921582698822,0.2245754338800907,0.5766503121703863,0.9479954122762108,-0.00929733645170927,-0.30351901054382324,-0.029582129791378975,0.17500115931034088,-0.40132445096969604,-1.3941850662231445,-0.19670557975769043,-0.6723412275314331,0.7165668606758118
-0.13742338120937347,-1.3950815200805664,0.44756650924682617,0.6412296295166016,-0.6549063920974731,0.21695980429649353,0.23818033933639526,0.1306937038898468,0.26798689365386963,-0.06363490223884583,0.22477496042847633,0.5762306358665228,0.948355185912075,-0.009524578228592873,-0.294961541891098,-0.02993389032781124,0.17145708203315735,-0.4049242436885834,-1.3953946828842163,-0.19696453213691711,-0.6759986877441406,0.7163618803024292
-0.1402566283941269,-1.3941946029663086,0.4478183388710022,0.6422363519668579,-0.6543478965759277,0.2154509276151657,0.23565591871738434,0.13063959777355194,0.2672976851463318,-0.0655251145362854,0.22494030371308327,0.5758162047713995,0.9486746668080711,-0.009563385508954525,-0.2867111265659332,-0.029896732419729233,0.1687503457069397,-0.4074341356754303,-1.3966230154037476,-0.19676661491394043,-0.677892804145813,0.7159165143966675
-0.14300021529197693,-1.393678903579712,0.44817766547203064,0.644255518913269,-0.653620719909668,0.21402528882026672,0.2340623289346695,0.12929600477218628,0.26654261350631714,-0.06719237565994263,0.22505805268883705,0.5755547787994146,0.948775279448452,-0.009858295321464539,-0.27799198031425476,-0.030590860173106194,0.16727229952812195,-0.40977561473846436,-1.397855281829834,-0.19552360475063324,-0.6785919070243835,0.7156983017921448
-0.14511549472808838,-1.3937138319015503,0.4482993483543396,0.6468875408172607,-0.6531049013137817,0.21320250630378723,0.23358218371868134,0.1296021193265915,0.2662856876850128,-0.06895937025547028,0.22506443038582802,0.5751786734908819,0.9487796901921653,-0.009114015847444534,-0.2705998718738556,-0.03173081949353218,0.16733825206756592,-0.41134342551231384,-1.3987690210342407,-0.19507071375846863,-0.6785092353820801,0.7151605486869812
-0.14589452743530273,-1.3938353061676025,0.4470058083534241,0.6483156681060791,-0.6534868478775024,0.21271724998950958,0.23415979743003845,0.13131585717201233,0.266635537147522,-0.06968546658754349,0.22489646449685097,0.5752431657165289,0.9487330197553062,-0.007649356033653021,-0.2677984833717346,-0.03321613743901253,0.1676017940044403,-0.41179513931274414,-1.3985317945480347,-0.19602128863334656,-0.6785843372344971,0.7149801254272461
